Series_Title,IMDB_Rating,Genre,Runtime,Certificate,Released_Year
The Shawshank Redemption,9.3,Drama,142 min,A,1994
The Godfather,9.2,"Crime, Drama",175 min,A,1972
The Dark Knight,9.0,"Action, Crime, Drama",152 min,UA,2008
The Godfather: Part II,9.0,"Crime, Drama",202 min,A,1974
12 Angry Men,9.0,"Crime, Drama",96 min,U,1957
The Lord of the Rings: The Return of the King,8.9,"Action, Adventure, Drama",201 min,U,2003
Pulp Fiction,8.9,"Crime, Drama",154 min,A,1994
Schindler's List,8.9,"Biography, Drama, History",195 min,A,1993
Inception,8.8,"Action, Adventure, Sci-Fi",148 min,UA,2010
Fight Club,8.8,Drama,139 min,A,1999
The Lord of the Rings: The Fellowship of the Ring,8.8,"Action, Adventure, Drama",178 min,U,2001
Forrest Gump,8.8,"Drama, Romance",142 min,UA,1994
"Il buono, il brutto, il cattivo",8.8,Western,161 min,A,1966
The Lord of the Rings: The Two Towers,8.7,"Action, Adventure, Drama",179 min,UA,2002
The Matrix,8.7,"Action, Sci-Fi",136 min,A,1999
Goodfellas,8.7,"Biography, Crime, Drama",146 min,A,1990
Star Wars: Episode V - The Empire Strikes Back,8.7,"Action, Adventure, Fantasy",124 min,UA,1980
One Flew Over the Cuckoo's Nest,8.7,Drama,133 min,A,1975
Hamilton,8.6,"Biography, Drama, History",160 min,PG-13,2020
Gisaengchung,8.6,"Comedy, Drama, Thriller",132 min,A,2019
Soorarai Pottru,8.6,Drama,153 min,U,2020
Interstellar,8.6,"Adventure, Drama, Sci-Fi",169 min,UA,2014
Cidade de Deus,8.6,"Crime, Drama",130 min,A,2002
Sen to Chihiro no kamikakushi,8.6,"Animation, Adventure, Family",125 min,U,2001
Saving Private Ryan,8.6,"Drama, War",169 min,R,1998
The Green Mile,8.6,"Crime, Drama, Fantasy",189 min,A,1999
La vita è bella,8.6,"Comedy, Drama, Romance",116 min,U,1997
Se7en,8.6,"Crime, Drama, Mystery",127 min,A,1995
The Silence of the Lambs,8.6,"Crime, Drama, Thriller",118 min,A,1991
Star Wars,8.6,"Action, Adventure, Fantasy",121 min,UA,1977
Seppuku,8.6,"Action, Drama, Mystery",133 min,,1962
Shichinin no samurai,8.6,"Action, Adventure, Drama",207 min,U,1954
It's a Wonderful Life,8.6,"Drama, Family, Fantasy",130 min,PG,1946
Joker,8.5,"Crime, Drama, Thriller",122 min,A,2019
Whiplash,8.5,"Drama, Music",106 min,A,2014
The Intouchables,8.5,"Biography, Comedy, Drama",112 min,UA,2011
The Prestige,8.5,"Drama, Mystery, Sci-Fi",130 min,U,2006
The Departed,8.5,"Crime, Drama, Thriller",151 min,A,2006
The Pianist,8.5,"Biography, Drama, Music",150 min,R,2002
Gladiator,8.5,"Action, Adventure, Drama",155 min,UA,2000
American History X,8.5,Drama,119 min,R,1998
The Usual Suspects,8.5,"Crime, Mystery, Thriller",106 min,A,1995
Léon,8.5,"Action, Crime, Drama",110 min,A,1994
The Lion King,8.5,"Animation, Adventure, Drama",88 min,U,1994
Terminator 2: Judgment Day,8.5,"Action, Sci-Fi",137 min,U,1991
Nuovo Cinema Paradiso,8.5,"Drama, Romance",155 min,U,1988
Hotaru no haka,8.5,"Animation, Drama, War",89 min,U,1988
Back to the Future,8.5,"Adventure, Comedy, Sci-Fi",116 min,U,1985
Once Upon a Time in the West,8.5,Western,165 min,U,1968
Psycho,8.5,"Horror, Mystery, Thriller",109 min,A,1960
Casablanca,8.5,"Drama, Romance, War",102 min,U,1942
Modern Times,8.5,"Comedy, Drama, Family",87 min,G,1936
City Lights,8.5,"Comedy, Drama, Romance",87 min,G,1931
Capharnaüm,8.4,Drama,126 min,A,2018
Ayla: The Daughter of War,8.4,"Biography, Drama, History",125 min,,2017
Vikram Vedha,8.4,"Action, Crime, Drama",147 min,UA,2017
Kimi no na wa.,8.4,"Animation, Drama, Fantasy",106 min,U,2016
Dangal,8.4,"Action, Biography, Drama",161 min,U,2016
Spider-Man: Into the Spider-Verse,8.4,"Animation, Action, Adventure",117 min,U,2018
Avengers: Endgame,8.4,"Action, Adventure, Drama",181 min,UA,2019
Avengers: Infinity War,8.4,"Action, Adventure, Sci-Fi",149 min,UA,2018
Coco,8.4,"Animation, Adventure, Family",105 min,U,2017
Django Unchained,8.4,"Drama, Western",165 min,A,2012
The Dark Knight Rises,8.4,"Action, Adventure",164 min,UA,2012
3 Idiots,8.4,"Comedy, Drama",170 min,UA,2009
Taare Zameen Par,8.4,"Drama, Family",165 min,U,2007
WALL·E,8.4,"Animation, Adventure, Family",98 min,U,2008
The Lives of Others,8.4,"Drama, Mystery, Thriller",137 min,A,2006
Oldeuboi,8.4,"Action, Drama, Mystery",101 min,A,2003
Memento,8.4,"Mystery, Thriller",113 min,UA,2000
Mononoke-hime,8.4,"Animation, Action, Adventure",134 min,U,1997
Once Upon a Time in America,8.4,"Crime, Drama",229 min,A,1984
Raiders of the Lost Ark,8.4,"Action, Adventure",115 min,A,1981
The Shining,8.4,"Drama, Horror",146 min,A,1980
Apocalypse Now,8.4,"Drama, Mystery, War",147 min,R,1979
Alien,8.4,"Horror, Sci-Fi",117 min,R,1979
Anand,8.4,"Drama, Musical",122 min,U,1971
Tengoku to jigoku,8.4,"Crime, Drama, Mystery",143 min,,1963
Dr. Strangelove or: How I Learned to Stop Worrying and Love the Bomb,8.4,Comedy,95 min,A,1964
Witness for the Prosecution,8.4,"Crime, Drama, Mystery",116 min,U,1957
Paths of Glory,8.4,"Drama, War",88 min,A,1957
Rear Window,8.4,"Mystery, Thriller",112 min,U,1954
Sunset Blvd.,8.4,"Drama, Film-Noir",110 min,Passed,1950
The Great Dictator,8.4,"Comedy, Drama, War",125 min,Passed,1940
1917,8.3,"Drama, Thriller, War",119 min,R,2019
Tumbbad,8.3,"Drama, Fantasy, Horror",104 min,A,2018
Andhadhun,8.3,"Crime, Drama, Music",139 min,UA,2018
Drishyam,8.3,"Crime, Drama, Thriller",160 min,U,2013
Jagten,8.3,Drama,115 min,R,2012
Jodaeiye Nader az Simin,8.3,Drama,123 min,PG-13,2011
Incendies,8.3,"Drama, Mystery, War",131 min,R,2010
Miracle in cell NO.7,8.3,Drama,132 min,TV-14,2019
Babam ve Oglum,8.3,"Drama, Family",112 min,,2005
Inglourious Basterds,8.3,"Adventure, Drama, War",153 min,A,2009
Eternal Sunshine of the Spotless Mind,8.3,"Drama, Romance, Sci-Fi",108 min,UA,2004
Amélie,8.3,"Comedy, Romance",122 min,U,2001
Snatch,8.3,"Comedy, Crime",104 min,UA,2000
Requiem for a Dream,8.3,Drama,102 min,A,2000
American Beauty,8.3,Drama,122 min,UA,1999
Good Will Hunting,8.3,"Drama, Romance",126 min,U,1997
Bacheha-Ye aseman,8.3,"Drama, Family, Sport",89 min,PG,1997
Toy Story,8.3,"Animation, Adventure, Comedy",81 min,U,1995
Braveheart,8.3,"Biography, Drama, History",178 min,A,1995
Reservoir Dogs,8.3,"Crime, Drama, Thriller",99 min,R,1992
Full Metal Jacket,8.3,"Drama, War",116 min,UA,1987
Idi i smotri,8.3,"Drama, Thriller, War",142 min,A,1985
Aliens,8.3,"Action, Adventure, Sci-Fi",137 min,U,1986
Amadeus,8.3,"Biography, Drama, History",160 min,R,1984
Scarface,8.3,"Crime, Drama",170 min,A,1983
Star Wars: Episode VI - Return of the Jedi,8.3,"Action, Adventure, Fantasy",131 min,U,1983
Das Boot,8.3,"Adventure, Drama, Thriller",149 min,R,1981
Taxi Driver,8.3,"Crime, Drama",114 min,A,1976
The Sting,8.3,"Comedy, Crime, Drama",129 min,U,1973
A Clockwork Orange,8.3,"Crime, Drama, Sci-Fi",136 min,A,1971
2001: A Space Odyssey,8.3,"Adventure, Sci-Fi",149 min,U,1968
Per qualche dollaro in più,8.3,Western,132 min,U,1965
Lawrence of Arabia,8.3,"Adventure, Biography, Drama",228 min,U,1962
The Apartment,8.3,"Comedy, Drama, Romance",125 min,U,1960
North by Northwest,8.3,"Adventure, Mystery, Thriller",136 min,U,1959
Vertigo,8.3,"Mystery, Romance, Thriller",128 min,A,1958
Singin' in the Rain,8.3,"Comedy, Musical, Romance",103 min,G,1952
Ikiru,8.3,Drama,143 min,,1952
Ladri di biciclette,8.3,Drama,89 min,,1948
Double Indemnity,8.3,"Crime, Drama, Film-Noir",107 min,Passed,1944
Citizen Kane,8.3,"Drama, Mystery",119 min,UA,1941
M - Eine Stadt sucht einen Mörder,8.3,"Crime, Mystery, Thriller",117 min,Passed,1931
Metropolis,8.3,"Drama, Sci-Fi",153 min,,1927
The Kid,8.3,"Comedy, Drama, Family",68 min,Passed,1921
Chhichhore,8.2,"Comedy, Drama",143 min,UA,2019
Uri: The Surgical Strike,8.2,"Action, Drama, War",138 min,UA,2018
K.G.F: Chapter 1,8.2,"Action, Drama",156 min,UA,2018
Green Book,8.2,"Biography, Comedy, Drama",130 min,UA,2018
"Three Billboards Outside Ebbing, Missouri",8.2,"Comedy, Crime, Drama",115 min,A,2017
Talvar,8.2,"Crime, Drama, Mystery",132 min,UA,2015
Baahubali 2: The Conclusion,8.2,"Action, Drama",167 min,UA,2017
Klaus,8.2,"Animation, Adventure, Comedy",96 min,PG,2019
Drishyam,8.2,"Crime, Drama, Mystery",163 min,UA,2015
Queen,8.2,"Adventure, Comedy, Drama",146 min,UA,2013
Mandariinid,8.2,"Drama, War",87 min,,2013
Bhaag Milkha Bhaag,8.2,"Biography, Drama, Sport",186 min,U,2013
Gangs of Wasseypur,8.2,"Action, Comedy, Crime",321 min,A,2012
Udaan,8.2,Drama,134 min,UA,2010
Paan Singh Tomar,8.2,"Action, Biography, Crime",135 min,UA,2012
El secreto de sus ojos,8.2,"Drama, Mystery, Romance",129 min,R,2009
Warrior,8.2,"Action, Drama, Sport",140 min,UA,2011
Shutter Island,8.2,"Mystery, Thriller",138 min,A,2010
Up,8.2,"Animation, Adventure, Comedy",96 min,U,2009
The Wolf of Wall Street,8.2,"Biography, Crime, Drama",180 min,A,2013
Chak De! India,8.2,"Drama, Family, Sport",153 min,U,2007
There Will Be Blood,8.2,Drama,158 min,A,2007
Pan's Labyrinth,8.2,"Drama, Fantasy, War",118 min,UA,2006
Toy Story 3,8.2,"Animation, Adventure, Comedy",103 min,U,2010
V for Vendetta,8.2,"Action, Drama, Sci-Fi",132 min,A,2005
Rang De Basanti,8.2,"Comedy, Crime, Drama",167 min,UA,2006
Black,8.2,Drama,122 min,U,2005
Batman Begins,8.2,"Action, Adventure",140 min,UA,2005
"Swades: We, the People",8.2,Drama,210 min,U,2004
Der Untergang,8.2,"Biography, Drama, History",156 min,R,2004
Hauru no ugoku shiro,8.2,"Animation, Adventure, Family",119 min,U,2004
A Beautiful Mind,8.2,"Biography, Drama",135 min,UA,2001
Hera Pheri,8.2,"Action, Comedy, Crime",156 min,U,2000
"Lock, Stock and Two Smoking Barrels",8.2,"Action, Comedy, Crime",107 min,A,1998
L.A. Confidential,8.2,"Crime, Drama, Mystery",138 min,A,1997
Eskiya,8.2,"Crime, Drama, Thriller",128 min,,1996
Heat,8.2,"Crime, Drama, Thriller",170 min,A,1995
Casino,8.2,"Crime, Drama",178 min,A,1995
Andaz Apna Apna,8.2,"Action, Comedy, Romance",160 min,U,1994
Unforgiven,8.2,"Drama, Western",130 min,A,1992
Indiana Jones and the Last Crusade,8.2,"Action, Adventure",127 min,U,1989
Dom za vesanje,8.2,"Comedy, Crime, Drama",142 min,R,1988
Tonari no Totoro,8.2,"Animation, Family, Fantasy",86 min,U,1988
Die Hard,8.2,"Action, Thriller",132 min,A,1988
Ran,8.2,"Action, Drama, War",162 min,U,1985
Raging Bull,8.2,"Biography, Drama, Sport",129 min,A,1980
Stalker,8.2,"Drama, Sci-Fi",162 min,U,1979
Höstsonaten,8.2,"Drama, Music",99 min,U,1978
The Message,8.2,"Biography, Drama, History",177 min,PG,1976
Sholay,8.2,"Action, Adventure, Comedy",204 min,U,1975
Monty Python and the Holy Grail,8.2,"Adventure, Comedy, Fantasy",91 min,PG,1975
The Great Escape,8.2,"Adventure, Drama, History",172 min,U,1963
To Kill a Mockingbird,8.2,"Crime, Drama",129 min,U,1962
Yôjinbô,8.2,"Action, Drama, Thriller",110 min,,1961
Judgment at Nuremberg,8.2,"Drama, War",179 min,A,1961
Some Like It Hot,8.2,"Comedy, Music, Romance",121 min,U,1959
Smultronstället,8.2,"Drama, Romance",91 min,U,1957
Det sjunde inseglet,8.2,"Drama, Fantasy, History",96 min,A,1957
Du rififi chez les hommes,8.2,"Crime, Drama, Thriller",118 min,,1955
Dial M for Murder,8.2,"Crime, Thriller",105 min,A,1954
Tôkyô monogatari,8.2,Drama,136 min,U,1953
Rashômon,8.2,"Crime, Drama, Mystery",88 min,,1950
All About Eve,8.2,Drama,138 min,Passed,1950
The Treasure of the Sierra Madre,8.2,"Adventure, Drama, Western",126 min,Passed,1948
To Be or Not to Be,8.2,"Comedy, War",99 min,Passed,1942
The Gold Rush,8.2,"Adventure, Comedy, Drama",95 min,Passed,1925
Sherlock Jr.,8.2,"Action, Comedy, Romance",45 min,Passed,1924
Portrait de la jeune fille en feu,8.1,"Drama, Romance",122 min,R,2019
Pink,8.1,"Drama, Thriller",136 min,UA,2016
Koe no katachi,8.1,"Animation, Drama, Family",130 min,16,2016
Contratiempo,8.1,"Crime, Drama, Mystery",106 min,TV-MA,2016
Ah-ga-ssi,8.1,"Drama, Romance, Thriller",145 min,A,2016
Mommy,8.1,Drama,139 min,R,2014
Haider,8.1,"Action, Crime, Drama",160 min,UA,2014
Logan,8.1,"Action, Drama, Sci-Fi",137 min,A,2017
Room,8.1,"Drama, Thriller",118 min,R,2015
Relatos salvajes,8.1,"Comedy, Drama, Thriller",122 min,R,2014
Soul,8.1,"Animation, Adventure, Comedy",100 min,U,2020
Kis Uykusu,8.1,Drama,196 min,,2014
PK,8.1,"Comedy, Drama, Musical",153 min,UA,2014
OMG: Oh My God!,8.1,"Comedy, Drama, Fantasy",125 min,U,2012
The Grand Budapest Hotel,8.1,"Adventure, Comedy, Crime",99 min,UA,2014
Gone Girl,8.1,"Drama, Mystery, Thriller",149 min,A,2014
Ôkami kodomo no Ame to Yuki,8.1,"Animation, Drama, Fantasy",117 min,U,2012
Hacksaw Ridge,8.1,"Biography, Drama, History",139 min,A,2016
Inside Out,8.1,"Animation, Adventure, Comedy",95 min,U,2015
Barfi!,8.1,"Comedy, Drama, Romance",151 min,U,2012
12 Years a Slave,8.1,"Biography, Drama, History",134 min,A,2013
Rush,8.1,"Action, Biography, Drama",123 min,UA,2013
Ford v Ferrari,8.1,"Action, Biography, Drama",152 min,UA,2019
Spotlight,8.1,"Biography, Crime, Drama",129 min,A,2015
Song of the Sea,8.1,"Animation, Adventure, Drama",93 min,PG,2014
Kahaani,8.1,"Mystery, Thriller",122 min,UA,2012
Zindagi Na Milegi Dobara,8.1,"Comedy, Drama",155 min,U,2011
Prisoners,8.1,"Crime, Drama, Mystery",153 min,A,2013
Mad Max: Fury Road,8.1,"Action, Adventure, Sci-Fi",120 min,UA,2015
A Wednesday,8.1,"Action, Crime, Drama",104 min,UA,2008
Gran Torino,8.1,Drama,116 min,R,2008
Harry Potter and the Deathly Hallows: Part 2,8.1,"Adventure, Drama, Fantasy",130 min,UA,2011
Okuribito,8.1,"Drama, Music",130 min,PG-13,2008
Hachi: A Dog's Tale,8.1,"Biography, Drama, Family",93 min,G,2009
Mary and Max,8.1,"Animation, Comedy, Drama",92 min,,2009
How to Train Your Dragon,8.1,"Animation, Action, Adventure",98 min,U,2010
Into the Wild,8.1,"Adventure, Biography, Drama",148 min,R,2007
No Country for Old Men,8.1,"Crime, Drama, Thriller",122 min,R,2007
Lage Raho Munna Bhai,8.1,"Comedy, Drama, Romance",144 min,U,2006
Million Dollar Baby,8.1,"Drama, Sport",132 min,UA,2004
Hotel Rwanda,8.1,"Biography, Drama, History",121 min,PG-13,2004
Taegukgi hwinalrimyeo,8.1,"Action, Drama, War",140 min,R,2004
Before Sunset,8.1,"Drama, Romance",80 min,R,2004
Munna Bhai M.B.B.S.,8.1,"Comedy, Drama, Musical",156 min,U,2003
Salinui chueok,8.1,"Crime, Drama, Mystery",131 min,UA,2003
Dil Chahta Hai,8.1,"Comedy, Drama, Romance",183 min,Unrated,2001
Kill Bill: Vol. 1,8.1,"Action, Crime, Drama",111 min,R,2003
Finding Nemo,8.1,"Animation, Adventure, Comedy",100 min,U,2003
Catch Me If You Can,8.1,"Biography, Crime, Drama",141 min,A,2002
Amores perros,8.1,"Drama, Thriller",154 min,A,2000
"Monsters, Inc.",8.1,"Animation, Adventure, Comedy",92 min,U,2001
"Shin seiki Evangelion Gekijô-ban: Air/Magokoro wo, kimi ni",8.1,"Animation, Action, Drama",87 min,UA,1997
Lagaan: Once Upon a Time in India,8.1,"Adventure, Drama, Musical",224 min,U,2001
The Sixth Sense,8.1,"Drama, Mystery, Thriller",107 min,A,1999
La leggenda del pianista sull'oceano,8.1,"Drama, Music, Romance",169 min,U,1998
The Truman Show,8.1,"Comedy, Drama",103 min,U,1998
"Crna macka, beli macor",8.1,"Comedy, Crime, Romance",127 min,R,1998
The Big Lebowski,8.1,"Comedy, Crime, Sport",117 min,R,1998
Fa yeung nin wah,8.1,"Drama, Romance",98 min,U,2000
Trainspotting,8.1,Drama,93 min,A,1996
Fargo,8.1,"Crime, Drama, Thriller",98 min,A,1996
Underground,8.1,"Comedy, Drama, War",170 min,,1995
La haine,8.1,"Crime, Drama",98 min,UA,1995
Dilwale Dulhania Le Jayenge,8.1,"Drama, Romance",189 min,U,1995
Before Sunrise,8.1,"Drama, Romance",101 min,R,1995
Trois couleurs: Rouge,8.1,"Drama, Mystery, Romance",99 min,U,1994
Chung Hing sam lam,8.1,"Comedy, Crime, Drama",102 min,U,1994
Jurassic Park,8.1,"Action, Adventure, Sci-Fi",127 min,UA,1993
In the Name of the Father,8.1,"Biography, Crime, Drama",133 min,UA,1993
Ba wang bie ji,8.1,"Drama, Music, Romance",171 min,R,1993
Dà hóng denglong gaogao guà,8.1,"Drama, History, Romance",125 min,PG,1991
Dead Poets Society,8.1,"Comedy, Drama",128 min,U,1989
Stand by Me,8.1,"Adventure, Drama",89 min,U,1986
Platoon,8.1,"Drama, War",120 min,A,1986
"Paris, Texas",8.1,Drama,145 min,U,1984
Kaze no tani no Naushika,8.1,"Animation, Adventure, Fantasy",117 min,U,1984
The Thing,8.1,"Horror, Mystery, Sci-Fi",109 min,A,1982
Pink Floyd: The Wall,8.1,"Drama, Fantasy, Music",95 min,UA,1982
Fitzcarraldo,8.1,"Adventure, Drama",158 min,R,1982
Fanny och Alexander,8.1,Drama,188 min,A,1982
Blade Runner,8.1,"Action, Sci-Fi, Thriller",117 min,UA,1982
The Elephant Man,8.1,"Biography, Drama",124 min,UA,1980
Life of Brian,8.1,Comedy,94 min,R,1979
The Deer Hunter,8.1,"Drama, War",183 min,A,1978
Rocky,8.1,"Drama, Sport",120 min,U,1976
Network,8.1,Drama,121 min,UA,1976
Barry Lyndon,8.1,"Adventure, Drama, History",185 min,PG,1975
Zerkalo,8.1,"Biography, Drama",107 min,G,1975
Chinatown,8.1,"Drama, Mystery, Thriller",130 min,UA,1974
Paper Moon,8.1,"Comedy, Crime, Drama",102 min,U,1973
Viskningar och rop,8.1,Drama,91 min,A,1972
Solaris,8.1,"Drama, Mystery, Sci-Fi",167 min,PG,1972
Le samouraï,8.1,"Crime, Drama, Mystery",105 min,GP,1967
Cool Hand Luke,8.1,"Crime, Drama",127 min,A,1967
Persona,8.1,"Drama, Thriller",85 min,,1966
Andrei Rublev,8.1,"Biography, Drama, History",205 min,R,1966
La battaglia di Algeri,8.1,"Drama, War",121 min,,1966
El ángel exterminador,8.1,"Drama, Fantasy",95 min,,1962
What Ever Happened to Baby Jane?,8.1,"Drama, Horror, Thriller",134 min,Passed,1962
Sanjuro,8.1,"Action, Comedy, Crime",96 min,U,1962
The Man Who Shot Liberty Valance,8.1,"Drama, Western",123 min,,1962
Ivanovo detstvo,8.1,"Drama, War",95 min,,1962
Jungfrukällan,8.1,Drama,89 min,A,1960
Inherit the Wind,8.1,"Biography, Drama, History",128 min,Passed,1960
Les quatre cents coups,8.1,"Crime, Drama",99 min,,1959
Ben-Hur,8.1,"Adventure, Drama, History",212 min,U,1959
Kakushi-toride no san-akunin,8.1,"Adventure, Drama",139 min,,1958
Le notti di Cabiria,8.1,Drama,110 min,,1957
Kumonosu-jô,8.1,"Drama, History",110 min,,1957
The Bridge on the River Kwai,8.1,"Adventure, Drama, War",161 min,PG,1957
On the Waterfront,8.1,"Crime, Drama, Thriller",108 min,A,1954
Le salaire de la peur,8.1,"Adventure, Drama, Thriller",131 min,U,1953
Ace in the Hole,8.1,"Drama, Film-Noir",111 min,Approved,1951
White Heat,8.1,"Action, Crime, Drama",114 min,,1949
The Third Man,8.1,"Film-Noir, Mystery, Thriller",104 min,Approved,1949
The Red Shoes,8.1,"Drama, Music, Romance",135 min,,1948
The Shop Around the Corner,8.1,"Comedy, Drama, Romance",99 min,,1940
Rebecca,8.1,"Drama, Mystery, Romance",130 min,Approved,1940
Mr. Smith Goes to Washington,8.1,"Comedy, Drama",129 min,Passed,1939
Gone with the Wind,8.1,"Drama, History, Romance",238 min,U,1939
La Grande Illusion,8.1,"Drama, War",113 min,,1937
It Happened One Night,8.1,"Comedy, Romance",105 min,Approved,1934
La passion de Jeanne d'Arc,8.1,"Biography, Drama, History",110 min,Passed,1928
The Circus,8.1,"Comedy, Romance",72 min,Passed,1928
Sunrise: A Song of Two Humans,8.1,"Drama, Romance",94 min,Passed,1927
The General,8.1,"Action, Adventure, Comedy",67 min,Passed,1926
Das Cabinet des Dr. Caligari,8.1,"Fantasy, Horror, Mystery",76 min,,1920
Badhaai ho,8.0,"Comedy, Drama",124 min,UA,2018
Togo,8.0,"Adventure, Biography, Drama",113 min,U,2019
Airlift,8.0,"Drama, History",130 min,UA,2016
Bajrangi Bhaijaan,8.0,"Action, Adventure, Comedy",163 min,UA,2015
Baby,8.0,"Action, Crime, Thriller",159 min,UA,2015
La La Land,8.0,"Comedy, Drama, Music",128 min,A,2016
Lion,8.0,"Biography, Drama",118 min,U,2016
The Martian,8.0,"Adventure, Drama, Sci-Fi",144 min,UA,2015
Zootopia,8.0,"Animation, Adventure, Comedy",108 min,U,2016
Bãhubali: The Beginning,8.0,"Action, Drama",159 min,UA,2015
Kaguyahime no monogatari,8.0,"Animation, Adventure, Drama",137 min,U,2013
Wonder,8.0,"Drama, Family",113 min,U,2017
Gully Boy,8.0,"Drama, Music, Romance",154 min,UA,2019
Special Chabbis,8.0,"Crime, Drama, Thriller",144 min,UA,2013
Short Term 12,8.0,Drama,96 min,R,2013
Serbuan maut 2: Berandal,8.0,"Action, Crime, Thriller",150 min,A,2014
The Imitation Game,8.0,"Biography, Drama, Thriller",114 min,UA,2014
Guardians of the Galaxy,8.0,"Action, Adventure, Comedy",121 min,UA,2014
Blade Runner 2049,8.0,"Action, Drama, Mystery",164 min,UA,2017
Her,8.0,"Drama, Romance, Sci-Fi",126 min,A,2013
Bohemian Rhapsody,8.0,"Biography, Drama, Music",134 min,UA,2018
The Revenant,8.0,"Action, Adventure, Drama",156 min,A,2015
The Perks of Being a Wallflower,8.0,"Drama, Romance",103 min,UA,2012
Tropa de Elite 2: O Inimigo Agora é Outro,8.0,"Action, Crime, Drama",115 min,,2010
The King's Speech,8.0,"Biography, Drama, History",118 min,U,2010
The Help,8.0,Drama,146 min,UA,2011
Deadpool,8.0,"Action, Adventure, Comedy",108 min,R,2016
Darbareye Elly,8.0,"Drama, Mystery",119 min,TV-PG,2009
Dev.D,8.0,"Drama, Romance",144 min,A,2009
Yip Man,8.0,"Action, Biography, Drama",106 min,R,2008
My Name Is Khan,8.0,Drama,165 min,UA,2010
Nefes: Vatan Sagolsun,8.0,"Action, Drama, Thriller",128 min,,2009
Slumdog Millionaire,8.0,"Drama, Romance",120 min,UA,2008
Black Swan,8.0,"Drama, Thriller",108 min,A,2010
Tropa de Elite,8.0,"Action, Crime, Drama",115 min,R,2007
The Avengers,8.0,"Action, Adventure, Sci-Fi",143 min,UA,2012
Persepolis,8.0,"Animation, Biography, Drama",96 min,PG-13,2007
Dallas Buyers Club,8.0,"Biography, Drama",117 min,R,2013
The Pursuit of Happyness,8.0,"Biography, Drama",117 min,U,2006
Blood Diamond,8.0,"Adventure, Drama, Thriller",143 min,A,2006
The Bourne Ultimatum,8.0,"Action, Mystery, Thriller",115 min,UA,2007
Bin-jip,8.0,"Crime, Drama, Romance",88 min,U,2004
Sin City,8.0,"Crime, Thriller",124 min,A,2005
Le scaphandre et le papillon,8.0,"Biography, Drama",112 min,PG-13,2007
G.O.R.A.,8.0,"Adventure, Comedy, Sci-Fi",127 min,,2004
Ratatouille,8.0,"Animation, Adventure, Comedy",111 min,U,2007
Casino Royale,8.0,"Action, Adventure, Thriller",144 min,PG-13,2006
Kill Bill: Vol. 2,8.0,"Action, Crime, Thriller",137 min,A,2004
Vozvrashchenie,8.0,Drama,110 min,,2003
Bom Yeoareum Gaeul Gyeoul Geurigo Bom,8.0,"Drama, Romance",103 min,R,2003
Mar adentro,8.0,"Biography, Drama",126 min,U,2014
Cinderella Man,8.0,"Biography, Drama, History",144 min,UA,2005
Kal Ho Naa Ho,8.0,"Comedy, Drama, Musical",186 min,U,2003
Mou gaan dou,8.0,"Action, Crime, Drama",101 min,UA,2002
Pirates of the Caribbean: The Curse of the Black Pearl,8.0,"Action, Adventure, Fantasy",143 min,UA,2003
Big Fish,8.0,"Adventure, Drama, Fantasy",125 min,U,2003
The Incredibles,8.0,"Animation, Action, Adventure",115 min,U,2004
Yeopgijeogin geunyeo,8.0,"Comedy, Drama, Romance",137 min,,2001
Dogville,8.0,"Crime, Drama",178 min,R,2003
Vizontele,8.0,"Comedy, Drama",110 min,,2001
Donnie Darko,8.0,"Drama, Mystery, Sci-Fi",113 min,R,2001
Magnolia,8.0,Drama,188 min,R,1999
Dancer in the Dark,8.0,"Crime, Drama, Musical",140 min,U,2000
The Straight Story,8.0,"Biography, Drama",112 min,U,1999
Pâfekuto burû,8.0,"Animation, Crime, Mystery",81 min,A,1997
Festen,8.0,Drama,105 min,R,1998
Central do Brasil,8.0,Drama,110 min,R,1998
The Iron Giant,8.0,"Animation, Action, Adventure",86 min,PG,1999
Knockin' on Heaven's Door,8.0,"Action, Crime, Comedy",87 min,,1997
Sling Blade,8.0,Drama,135 min,R,1996
Secrets & Lies,8.0,"Comedy, Drama",136 min,U,1996
Twelve Monkeys,8.0,"Mystery, Sci-Fi, Thriller",129 min,A,1995
Kôkaku Kidôtai,8.0,"Animation, Action, Crime",83 min,UA,1995
The Nightmare Before Christmas,8.0,"Animation, Family, Fantasy",76 min,U,1993
Groundhog Day,8.0,"Comedy, Fantasy, Romance",101 min,U,1993
Bound by Honor,8.0,"Crime, Drama",180 min,R,1993
Scent of a Woman,8.0,Drama,156 min,UA,1992
Aladdin,8.0,"Animation, Adventure, Comedy",90 min,U,1992
JFK,8.0,"Drama, History, Thriller",189 min,UA,1991
Beauty and the Beast,8.0,"Animation, Family, Fantasy",84 min,G,1991
Dances with Wolves,8.0,"Adventure, Drama, Western",181 min,U,1990
Do the Right Thing,8.0,"Comedy, Drama",120 min,R,1989
Rain Man,8.0,Drama,133 min,U,1988
Akira,8.0,"Animation, Action, Sci-Fi",124 min,UA,1988
The Princess Bride,8.0,"Adventure, Family, Fantasy",98 min,U,1987
Der Himmel über Berlin,8.0,"Drama, Fantasy, Romance",128 min,U,1987
Au revoir les enfants,8.0,"Drama, War",104 min,U,1987
Tenkû no shiro Rapyuta,8.0,"Animation, Adventure, Drama",125 min,U,1986
The Terminator,8.0,"Action, Sci-Fi",107 min,UA,1984
Gandhi,8.0,"Biography, Drama, History",191 min,U,1982
Kagemusha,8.0,"Drama, History, War",180 min,U,1980
Being There,8.0,"Comedy, Drama",130 min,PG,1979
Annie Hall,8.0,"Comedy, Romance",93 min,A,1977
Jaws,8.0,"Adventure, Thriller",124 min,A,1975
Dog Day Afternoon,8.0,"Biography, Crime, Drama",125 min,U,1975
Young Frankenstein,8.0,Comedy,106 min,A,1974
Papillon,8.0,"Biography, Crime, Drama",151 min,R,1973
The Exorcist,8.0,Horror,122 min,A,1973
Sleuth,8.0,"Mystery, Thriller",138 min,PG,1972
The Last Picture Show,8.0,"Drama, Romance",118 min,R,1971
Fiddler on the Roof,8.0,"Drama, Family, Musical",181 min,G,1971
Il conformista,8.0,Drama,113 min,UA,1970
Butch Cassidy and the Sundance Kid,8.0,"Biography, Crime, Drama",110 min,PG,1969
Rosemary's Baby,8.0,"Drama, Horror",137 min,A,1968
Planet of the Apes,8.0,"Adventure, Sci-Fi",112 min,U,1968
The Graduate,8.0,"Comedy, Drama, Romance",106 min,A,1967
Who's Afraid of Virginia Woolf?,8.0,Drama,131 min,A,1966
The Sound of Music,8.0,"Biography, Drama, Family",172 min,U,1965
Doctor Zhivago,8.0,"Drama, Romance, War",197 min,A,1965
Per un pugno di dollari,8.0,"Action, Drama, Western",99 min,A,1964
8½,8.0,Drama,138 min,,1963
Vivre sa vie: Film en douze tableaux,8.0,Drama,80 min,,1962
The Hustler,8.0,"Drama, Sport",134 min,A,1961
La dolce vita,8.0,"Comedy, Drama",174 min,A,1960
Rio Bravo,8.0,"Action, Drama, Western",141 min,Passed,1959
Anatomy of a Murder,8.0,"Crime, Drama, Mystery",161 min,,1959
Touch of Evil,8.0,"Crime, Drama, Film-Noir",95 min,PG-13,1958
Cat on a Hot Tin Roof,8.0,Drama,108 min,A,1958
Sweet Smell of Success,8.0,"Drama, Film-Noir",96 min,Approved,1957
The Killing,8.0,"Crime, Drama, Film-Noir",84 min,Approved,1956
The Night of the Hunter,8.0,"Crime, Drama, Film-Noir",92 min,,1955
La Strada,8.0,Drama,108 min,,1954
Les diaboliques,8.0,"Crime, Drama, Horror",117 min,,1955
Stalag 17,8.0,"Comedy, Drama, War",120 min,,1953
Roman Holiday,8.0,"Comedy, Romance",118 min,,1953
A Streetcar Named Desire,8.0,Drama,122 min,A,1951
In a Lonely Place,8.0,"Drama, Film-Noir, Mystery",94 min,,1950
Kind Hearts and Coronets,8.0,"Comedy, Crime",106 min,U,1949
Rope,8.0,"Crime, Drama, Mystery",80 min,A,1948
Out of the Past,8.0,"Crime, Drama, Film-Noir",97 min,,1947
Brief Encounter,8.0,"Drama, Romance",86 min,U,1945
Laura,8.0,"Drama, Film-Noir, Mystery",88 min,Passed,1944
The Best Years of Our Lives,8.0,"Drama, Romance, War",170 min,Approved,1946
Arsenic and Old Lace,8.0,"Comedy, Crime, Thriller",118 min,,1942
The Maltese Falcon,8.0,"Film-Noir, Mystery",100 min,,1941
The Grapes of Wrath,8.0,"Drama, History",129 min,Passed,1940
The Wizard of Oz,8.0,"Adventure, Family, Fantasy",102 min,U,1939
La règle du jeu,8.0,"Comedy, Drama",110 min,,1939
The Thin Man,8.0,"Comedy, Crime, Mystery",91 min,TV-PG,1934
All Quiet on the Western Front,8.0,"Drama, War",152 min,U,1930
Bronenosets Potemkin,8.0,"Drama, History, Thriller",75 min,,1925
Knives Out,7.9,"Comedy, Crime, Drama",130 min,UA,2019
Dil Bechara,7.9,"Comedy, Drama, Romance",101 min,UA,2020
Manbiki kazoku,7.9,"Crime, Drama",121 min,A,2018
Marriage Story,7.9,"Comedy, Drama, Romance",137 min,U,2019
Call Me by Your Name,7.9,"Drama, Romance",132 min,UA,2017
"I, Daniel Blake",7.9,Drama,100 min,UA,2016
Isle of Dogs,7.9,"Animation, Adventure, Comedy",101 min,U,2018
Hunt for the Wilderpeople,7.9,"Adventure, Comedy, Drama",101 min,UA,2016
Captain Fantastic,7.9,"Comedy, Drama",118 min,R,2016
Sing Street,7.9,"Comedy, Drama, Music",106 min,PG-13,2016
Thor: Ragnarok,7.9,"Action, Adventure, Comedy",130 min,UA,2017
Nightcrawler,7.9,"Crime, Drama, Thriller",117 min,A,2014
Jojo Rabbit,7.9,"Comedy, Drama, War",108 min,UA,2019
Arrival,7.9,"Drama, Sci-Fi",116 min,UA,2016
Star Wars: Episode VII - The Force Awakens,7.9,"Action, Adventure, Sci-Fi",138 min,U,2015
Before Midnight,7.9,"Drama, Romance",109 min,R,2013
X-Men: Days of Future Past,7.9,"Action, Adventure, Sci-Fi",132 min,UA,2014
Bir Zamanlar Anadolu'da,7.9,"Crime, Drama",157 min,,2011
The Artist,7.9,"Comedy, Drama, Romance",100 min,U,2011
Edge of Tomorrow,7.9,"Action, Adventure, Sci-Fi",113 min,UA,2014
Amour,7.9,"Drama, Romance",127 min,UA,2012
The Irishman,7.9,"Biography, Crime, Drama",209 min,R,2019
Un prophète,7.9,"Crime, Drama",155 min,A,2009
Moon,7.9,"Drama, Mystery, Sci-Fi",97 min,R,2009
Låt den rätte komma in,7.9,"Crime, Drama, Fantasy",114 min,R,2008
District 9,7.9,"Action, Sci-Fi, Thriller",112 min,A,2009
The Wrestler,7.9,"Drama, Sport",109 min,UA,2008
Jab We Met,7.9,"Comedy, Drama, Romance",138 min,U,2007
Boyhood,7.9,Drama,165 min,A,2014
"4 luni, 3 saptamâni si 2 zile",7.9,Drama,113 min,,2007
Star Trek,7.9,"Action, Adventure, Sci-Fi",127 min,UA,2009
In Bruges,7.9,"Comedy, Crime, Drama",107 min,R,2008
The Man from Earth,7.9,"Drama, Fantasy, Mystery",87 min,,2007
Letters from Iwo Jima,7.9,"Action, Adventure, Drama",141 min,UA,2006
The Fall,7.9,"Adventure, Drama, Fantasy",117 min,R,2006
Life of Pi,7.9,"Adventure, Drama, Fantasy",127 min,U,2012
Fantastic Mr. Fox,7.9,"Animation, Adventure, Comedy",87 min,PG,2009
C.R.A.Z.Y.,7.9,"Comedy, Drama",129 min,,2005
Les choristes,7.9,"Drama, Music",97 min,PG-13,2004
Iron Man,7.9,"Action, Adventure, Sci-Fi",126 min,UA,2008
Shaun of the Dead,7.9,"Comedy, Horror",99 min,UA,2004
Gegen die Wand,7.9,"Drama, Romance",121 min,R,2004
Mystic River,7.9,"Crime, Drama, Mystery",138 min,A,2003
Harry Potter and the Prisoner of Azkaban,7.9,"Adventure, Family, Fantasy",142 min,U,2004
Ying xiong,7.9,"Action, Adventure, History",120 min,PG-13,2002
Hable con ella,7.9,"Drama, Mystery, Romance",112 min,R,2002
No Man's Land,7.9,"Comedy, Drama, War",98 min,R,2001
Cowboy Bebop: Tengoku no tobira,7.9,"Animation, Action, Crime",115 min,U,2001
The Bourne Identity,7.9,"Action, Mystery, Thriller",119 min,UA,2002
Nueve reinas,7.9,"Crime, Drama, Thriller",114 min,R,2000
Children of Men,7.9,"Adventure, Drama, Sci-Fi",109 min,A,2006
Almost Famous,7.9,"Adventure, Comedy, Drama",122 min,A,2000
Mulholland Dr.,7.9,"Drama, Mystery, Thriller",147 min,R,2001
Toy Story 2,7.9,"Animation, Adventure, Comedy",92 min,U,1999
Boogie Nights,7.9,Drama,155 min,R,1997
Mimi wo sumaseba,7.9,"Animation, Drama, Family",111 min,U,1995
Once Were Warriors,7.9,"Crime, Drama",102 min,A,1994
True Romance,7.9,"Crime, Drama, Romance",119 min,R,1993
Trois couleurs: Bleu,7.9,"Drama, Music, Mystery",94 min,U,1993
Jûbê ninpûchô,7.9,"Animation, Action, Adventure",94 min,A,1993
Carlito's Way,7.9,"Crime, Drama, Thriller",144 min,A,1993
Edward Scissorhands,7.9,"Drama, Fantasy, Romance",105 min,U,1990
My Left Foot: The Story of Christy Brown,7.9,"Biography, Drama",103 min,U,1989
Crimes and Misdemeanors,7.9,"Comedy, Drama",104 min,PG-13,1989
The Untouchables,7.9,"Crime, Drama, Thriller",119 min,A,1987
Hannah and Her Sisters,7.9,"Comedy, Drama",107 min,PG-13,1986
Brazil,7.9,"Drama, Sci-Fi",132 min,U,1985
This Is Spinal Tap,7.9,"Comedy, Music",82 min,R,1984
A Christmas Story,7.9,"Comedy, Family",93 min,U,1983
The Blues Brothers,7.9,"Action, Adventure, Comedy",133 min,U,1980
Manhattan,7.9,"Comedy, Drama, Romance",96 min,R,1979
All That Jazz,7.9,"Drama, Music, Musical",123 min,A,1979
Dawn of the Dead,7.9,"Action, Adventure, Horror",127 min,A,1978
All the President's Men,7.9,"Biography, Drama, History",138 min,U,1976
La montaña sagrada,7.9,"Adventure, Drama, Fantasy",114 min,R,1973
Amarcord,7.9,"Comedy, Drama, Family",123 min,R,1973
Le charme discret de la bourgeoisie,7.9,Comedy,102 min,PG,1972
"Aguirre, der Zorn Gottes",7.9,"Action, Adventure, Biography",95 min,,1972
Harold and Maude,7.9,"Comedy, Drama, Romance",91 min,PG,1971
Patton,7.9,"Biography, Drama, War",172 min,U,1970
The Wild Bunch,7.9,"Action, Adventure, Western",145 min,A,1969
Night of the Living Dead,7.9,"Horror, Thriller",96 min,,1968
The Lion in Winter,7.9,"Biography, Drama, History",134 min,PG,1968
In the Heat of the Night,7.9,"Crime, Drama, Mystery",110 min,U,1967
Charade,7.9,"Comedy, Mystery, Romance",113 min,U,1963
The Manchurian Candidate,7.9,"Drama, Thriller",126 min,PG-13,1962
Spartacus,7.9,"Adventure, Biography, Drama",197 min,A,1960
L'avventura,7.9,"Drama, Mystery",144 min,U,1960
Hiroshima mon amour,7.9,"Drama, Romance",90 min,,1959
The Ten Commandments,7.9,"Adventure, Drama",220 min,U,1956
The Searchers,7.9,"Adventure, Drama, Western",119 min,Passed,1956
East of Eden,7.9,Drama,118 min,U,1955
High Noon,7.9,"Drama, Thriller, Western",85 min,PG,1952
Strangers on a Train,7.9,"Crime, Film-Noir, Thriller",101 min,A,1951
Harvey,7.9,"Comedy, Drama, Fantasy",104 min,Approved,1950
Miracle on 34th Street,7.9,"Comedy, Drama, Family",96 min,,1947
Notorious,7.9,"Drama, Film-Noir, Romance",102 min,U,1946
The Big Sleep,7.9,"Crime, Film-Noir, Mystery",114 min,Passed,1946
The Lost Weekend,7.9,"Drama, Film-Noir",101 min,Passed,1945
The Philadelphia Story,7.9,"Comedy, Romance",112 min,,1940
His Girl Friday,7.9,"Comedy, Drama, Romance",92 min,Passed,1940
The Adventures of Robin Hood,7.9,"Action, Adventure, Romance",102 min,PG,1938
A Night at the Opera,7.9,"Comedy, Music, Musical",96 min,Passed,1935
King Kong,7.9,"Adventure, Horror, Sci-Fi",100 min,Passed,1933
Freaks,7.9,"Drama, Horror",64 min,,1932
Nosferatu,7.9,"Fantasy, Horror",94 min,,1922
The Gentlemen,7.8,"Action, Comedy, Crime",113 min,A,2019
Raazi,7.8,"Action, Drama, Thriller",138 min,UA,2018
Sound of Metal,7.8,"Drama, Music",120 min,R,2019
Forushande,7.8,Drama,124 min,UA,2016
Dunkirk,7.8,"Action, Drama, History",106 min,UA,2017
Perfetti sconosciuti,7.8,"Comedy, Drama",96 min,,2016
Hidden Figures,7.8,"Biography, Drama, History",127 min,UA,2016
Paddington 2,7.8,"Adventure, Comedy, Family",103 min,U,2017
Udta Punjab,7.8,"Action, Crime, Drama",148 min,A,2016
Kubo and the Two Strings,7.8,"Animation, Action, Adventure",101 min,PG,2016
M.S. Dhoni: The Untold Story,7.8,"Biography, Drama, Sport",184 min,U,2016
Manchester by the Sea,7.8,Drama,137 min,UA,2016
Under sandet,7.8,"Drama, History, War",100 min,R,2015
Rogue One,7.8,"Action, Adventure, Sci-Fi",133 min,UA,2016
Captain America: Civil War,7.8,"Action, Adventure, Sci-Fi",147 min,UA,2016
The Hateful Eight,7.8,"Crime, Drama, Mystery",168 min,A,2015
Little Women,7.8,"Drama, Romance",135 min,U,2019
Loving Vincent,7.8,"Animation, Biography, Crime",94 min,UA,2017
Pride,7.8,"Biography, Comedy, Drama",119 min,R,2014
Le passé,7.8,"Drama, Mystery",130 min,PG-13,2013
La grande bellezza,7.8,Drama,141 min,,2013
The Lunchbox,7.8,"Drama, Romance",104 min,U,2013
Vicky Donor,7.8,"Comedy, Romance",126 min,UA,2012
Big Hero 6,7.8,"Animation, Action, Adventure",102 min,U,2014
About Time,7.8,"Comedy, Drama, Fantasy",123 min,R,2013
English Vinglish,7.8,"Comedy, Drama, Family",134 min,U,2012
Kaze tachinu,7.8,"Animation, Biography, Drama",126 min,PG-13,2013
Toy Story 4,7.8,"Animation, Adventure, Comedy",100 min,U,2019
La migliore offerta,7.8,"Crime, Drama, Mystery",131 min,R,2013
Moonrise Kingdom,7.8,"Comedy, Drama, Romance",94 min,A,2012
How to Train Your Dragon 2,7.8,"Animation, Action, Adventure",102 min,U,2014
The Big Short,7.8,"Biography, Comedy, Drama",130 min,A,2015
Kokuhaku,7.8,"Drama, Thriller",106 min,,2010
Ang-ma-reul bo-at-da,7.8,"Action, Crime, Drama",144 min,,2010
The Girl with the Dragon Tattoo,7.8,"Crime, Drama, Mystery",158 min,R,2011
Captain Phillips,7.8,"Adventure, Biography, Crime",134 min,UA,2013
Ajeossi,7.8,"Action, Crime, Drama",119 min,R,2010
Straight Outta Compton,7.8,"Biography, Drama, History",147 min,R,2015
Madeo,7.8,"Crime, Drama, Mystery",129 min,R,2009
Chugyeokja,7.8,"Action, Crime, Thriller",125 min,,2008
The Hobbit: The Desolation of Smaug,7.8,"Adventure, Fantasy",161 min,UA,2013
Das weiße Band - Eine deutsche Kindergeschichte,7.8,"Drama, History, Mystery",144 min,UA,2009
Män som hatar kvinnor,7.8,"Crime, Drama, Mystery",152 min,R,2009
The Trial of the Chicago 7,7.8,"Drama, History, Thriller",129 min,R,2020
Druk,7.8,"Comedy, Drama",117 min,,2020
The Fighter,7.8,"Biography, Drama, Sport",116 min,UA,2010
Taken,7.8,"Action, Thriller",90 min,A,2008
The Boy in the Striped Pyjamas,7.8,"Drama, History, War",94 min,PG-13,2008
Once,7.8,"Drama, Music, Romance",86 min,R,2007
The Hobbit: An Unexpected Journey,7.8,"Adventure, Fantasy",169 min,UA,2012
Auf der anderen Seite,7.8,Drama,122 min,,2007
Atonement,7.8,"Drama, Mystery, Romance",123 min,R,2007
Drive,7.8,"Crime, Drama",100 min,A,2011
American Gangster,7.8,"Biography, Crime, Drama",157 min,A,2007
Avatar,7.8,"Action, Adventure, Fantasy",162 min,UA,2009
Mr. Nobody,7.8,"Drama, Fantasy, Romance",141 min,R,2009
Apocalypto,7.8,"Action, Adventure, Drama",139 min,A,2006
Little Miss Sunshine,7.8,"Comedy, Drama",101 min,UA,2006
Hot Fuzz,7.8,"Action, Comedy, Mystery",121 min,UA,2007
The Curious Case of Benjamin Button,7.8,"Drama, Fantasy, Romance",166 min,UA,2008
Veer-Zaara,7.8,"Drama, Family, Musical",192 min,U,2004
Adams æbler,7.8,"Comedy, Crime, Drama",94 min,R,2005
Pride & Prejudice,7.8,"Drama, Romance",129 min,PG,2005
The World's Fastest Indian,7.8,"Biography, Drama, Sport",127 min,U,2005
Tôkyô goddofâzâzu,7.8,"Animation, Adventure, Comedy",90 min,UA,2003
Serenity,7.8,"Action, Adventure, Sci-Fi",119 min,PG-13,2005
Walk the Line,7.8,"Biography, Drama, Music",136 min,PG-13,2005
Ondskan,7.8,Drama,113 min,,2003
The Notebook,7.8,"Drama, Romance",123 min,A,2004
Diarios de motocicleta,7.8,"Adventure, Biography, Drama",126 min,U,2004
Lilja 4-ever,7.8,"Crime, Drama",109 min,R,2002
Les triplettes de Belleville,7.8,"Animation, Comedy, Drama",80 min,PG-13,2003
Gongdong gyeongbi guyeok JSA,7.8,"Action, Drama, Thriller",110 min,,2000
The Count of Monte Cristo,7.8,"Action, Adventure, Drama",131 min,PG-13,2002
Waking Life,7.8,"Animation, Drama, Fantasy",99 min,R,2001
Remember the Titans,7.8,"Biography, Drama, Sport",113 min,U,2000
Wo hu cang long,7.8,"Action, Adventure, Fantasy",120 min,UA,2000
Todo sobre mi madre,7.8,Drama,101 min,R,1999
Cast Away,7.8,"Adventure, Drama, Romance",143 min,UA,2000
The Boondock Saints,7.8,"Action, Crime, Thriller",108 min,R,1999
The Insider,7.8,"Biography, Drama, Thriller",157 min,UA,1999
October Sky,7.8,"Biography, Drama, Family",108 min,PG,1999
Shrek,7.8,"Animation, Adventure, Comedy",90 min,U,2001
Titanic,7.8,"Drama, Romance",194 min,UA,1997
Hana-bi,7.8,"Crime, Drama, Romance",103 min,,1997
Gattaca,7.8,"Drama, Sci-Fi, Thriller",106 min,UA,1997
The Game,7.8,"Action, Drama, Mystery",129 min,UA,1997
Breaking the Waves,7.8,Drama,159 min,R,1996
Ed Wood,7.8,"Biography, Comedy, Drama",127 min,U,1994
What's Eating Gilbert Grape,7.8,Drama,118 min,U,1993
Tombstone,7.8,"Action, Biography, Drama",130 min,R,1993
The Sandlot,7.8,"Comedy, Drama, Family",101 min,U,1993
The Remains of the Day,7.8,"Drama, Romance",134 min,U,1993
Naked,7.8,"Comedy, Drama",132 min,,1993
The Fugitive,7.8,"Action, Crime, Drama",130 min,U,1993
A Bronx Tale,7.8,"Crime, Drama, Romance",121 min,R,1993
Batman: Mask of the Phantasm,7.8,"Animation, Action, Crime",76 min,PG,1993
Lat sau san taam,7.8,"Action, Crime, Thriller",128 min,R,1992
Night on Earth,7.8,"Comedy, Drama",129 min,R,1991
La double vie de Véronique,7.8,"Drama, Fantasy, Music",98 min,R,1991
Boyz n the Hood,7.8,"Crime, Drama",112 min,A,1991
Misery,7.8,"Drama, Thriller",107 min,R,1990
Awakenings,7.8,"Biography, Drama",121 min,U,1990
Majo no takkyûbin,7.8,"Animation, Adventure, Drama",103 min,U,1989
Glory,7.8,"Biography, Drama, History",122 min,R,1989
Dip huet seung hung,7.8,"Action, Crime, Drama",111 min,R,1989
Back to the Future Part II,7.8,"Adventure, Comedy, Sci-Fi",108 min,U,1989
Mississippi Burning,7.8,"Crime, Drama, History",128 min,A,1988
Predator,7.8,"Action, Adventure, Sci-Fi",107 min,A,1987
Evil Dead II,7.8,"Action, Comedy, Fantasy",84 min,A,1987
Ferris Bueller's Day Off,7.8,Comedy,103 min,U,1986
Down by Law,7.8,"Comedy, Crime, Drama",107 min,R,1986
The Goonies,7.8,"Adventure, Comedy, Family",114 min,U,1985
The Color Purple,7.8,Drama,154 min,U,1985
The Breakfast Club,7.8,"Comedy, Drama",97 min,UA,1985
The Killing Fields,7.8,"Biography, Drama, History",141 min,UA,1984
Ghostbusters,7.8,"Action, Comedy, Fantasy",105 min,UA,1984
The Right Stuff,7.8,"Adventure, Biography, Drama",193 min,PG,1983
The King of Comedy,7.8,"Comedy, Crime, Drama",109 min,U,1982
E.T. the Extra-Terrestrial,7.8,"Family, Sci-Fi",115 min,U,1982
Kramer vs. Kramer,7.8,Drama,105 min,A,1979
Days of Heaven,7.8,"Drama, Romance",94 min,PG,1978
The Outlaw Josey Wales,7.8,Western,135 min,A,1976
The Man Who Would Be King,7.8,"Adventure, History, War",129 min,PG,1975
The Conversation,7.8,"Drama, Mystery, Thriller",113 min,U,1974
La planète sauvage,7.8,"Animation, Sci-Fi",72 min,U,1973
The Day of the Jackal,7.8,"Crime, Drama, Thriller",143 min,A,1973
Badlands,7.8,"Action, Crime, Drama",94 min,PG,1973
Cabaret,7.8,"Drama, Music, Musical",124 min,A,1972
Willy Wonka & the Chocolate Factory,7.8,"Family, Fantasy, Musical",100 min,U,1971
Midnight Cowboy,7.8,Drama,113 min,A,1969
Wait Until Dark,7.8,Thriller,108 min,,1967
Guess Who's Coming to Dinner,7.8,"Comedy, Drama",108 min,,1967
Bonnie and Clyde,7.8,"Action, Biography, Crime",111 min,A,1967
My Fair Lady,7.8,"Drama, Family, Musical",170 min,U,1964
Mary Poppins,7.8,"Comedy, Family, Fantasy",139 min,U,1964
The Longest Day,7.8,"Action, Drama, History",178 min,G,1962
Jules et Jim,7.8,"Drama, Romance",105 min,,1962
The Innocents,7.8,Horror,100 min,A,1961
À bout de souffle,7.8,"Crime, Drama",90 min,U,1960
Red River,7.8,"Action, Adventure, Drama",133 min,Passed,1948
Key Largo,7.8,"Action, Crime, Drama",100 min,,1948
To Have and Have Not,7.8,"Adventure, Comedy, Film-Noir",100 min,PG,1944
Shadow of a Doubt,7.8,"Film-Noir, Thriller",108 min,PG,1943
Stagecoach,7.8,"Adventure, Drama, Western",96 min,Passed,1939
The Lady Vanishes,7.8,"Mystery, Thriller",96 min,,1938
Bringing Up Baby,7.8,"Comedy, Family, Romance",102 min,Passed,1938
Bride of Frankenstein,7.8,"Drama, Horror, Sci-Fi",75 min,,1935
Duck Soup,7.8,"Comedy, Musical, War",69 min,,1933
Scarface: The Shame of the Nation,7.8,"Action, Crime, Drama",93 min,PG,1932
Frankenstein,7.8,"Drama, Horror, Sci-Fi",70 min,Passed,1931
Roma,7.7,Drama,135 min,R,2018
God's Own Country,7.7,"Drama, Romance",104 min,,2017
Deadpool 2,7.7,"Action, Adventure, Comedy",119 min,R,2018
Wind River,7.7,"Crime, Drama, Mystery",107 min,R,2017
Get Out,7.7,"Horror, Mystery, Thriller",104 min,R,2017
Mission: Impossible - Fallout,7.7,"Action, Adventure, Thriller",147 min,UA,2018
En man som heter Ove,7.7,"Comedy, Drama, Romance",116 min,PG-13,2015
What We Do in the Shadows,7.7,"Comedy, Horror",86 min,R,2014
Omoide no Mânî,7.7,"Animation, Drama, Family",103 min,U,2014
The Theory of Everything,7.7,"Biography, Drama, Romance",123 min,U,2014
Kingsman: The Secret Service,7.7,"Action, Adventure, Comedy",129 min,A,2014
The Fault in Our Stars,7.7,"Drama, Romance",126 min,UA,2014
Me and Earl and the Dying Girl,7.7,"Comedy, Drama",105 min,PG-13,2015
Birdman or (The Unexpected Virtue of Ignorance),7.7,"Comedy, Drama",119 min,A,2014
La vie d'Adèle,7.7,"Drama, Romance",180 min,A,2013
Kai po che!,7.7,"Drama, Sport",130 min,U,2013
The Broken Circle Breakdown,7.7,"Drama, Music, Romance",111 min,,2012
Captain America: The Winter Soldier,7.7,"Action, Adventure, Sci-Fi",136 min,UA,2014
Rockstar,7.7,"Drama, Music, Musical",159 min,UA,2011
Nebraska,7.7,"Adventure, Comedy, Drama",115 min,UA,2013
Wreck-It Ralph,7.7,"Animation, Adventure, Comedy",101 min,U,2012
Le Petit Prince,7.7,"Animation, Adventure, Drama",108 min,PG,2015
Detachment,7.7,Drama,98 min,,2011
Midnight in Paris,7.7,"Comedy, Fantasy, Romance",96 min,PG-13,2011
The Lego Movie,7.7,"Animation, Action, Adventure",100 min,U,2014
Gravity,7.7,"Drama, Sci-Fi, Thriller",91 min,UA,2013
Star Trek Into Darkness,7.7,"Action, Adventure, Sci-Fi",132 min,UA,2013
Beasts of No Nation,7.7,"Drama, War",137 min,,2015
The Social Network,7.7,"Biography, Drama",120 min,UA,2010
X: First Class,7.7,"Action, Adventure, Sci-Fi",131 min,UA,2011
The Hangover,7.7,Comedy,100 min,UA,2009
Skyfall,7.7,"Action, Adventure, Thriller",143 min,UA,2012
Silver Linings Playbook,7.7,"Comedy, Drama, Romance",122 min,A,2012
Argo,7.7,"Biography, Drama, Thriller",120 min,A,2012
(500) Days of Summer,7.7,"Comedy, Drama, Romance",95 min,UA,2009
Harry Potter and the Deathly Hallows: Part 1,7.7,"Adventure, Family, Fantasy",146 min,A,2010
Gake no ue no Ponyo,7.7,"Animation, Adventure, Comedy",101 min,U,2008
Frost/Nixon,7.7,"Biography, Drama, History",122 min,R,2008
Papurika,7.7,"Animation, Drama, Fantasy",90 min,U,2006
Changeling,7.7,"Biography, Crime, Drama",141 min,R,2008
Flipped,7.7,"Comedy, Drama, Romance",90 min,PG,2010
Toki o kakeru shôjo,7.7,"Animation, Adventure, Comedy",98 min,U,2006
Death Note: Desu nôto,7.7,"Crime, Drama, Fantasy",126 min,,2006
This Is England,7.7,"Crime, Drama",101 min,,2006
Ex Machina,7.7,"Drama, Sci-Fi, Thriller",108 min,UA,2014
Efter brylluppet,7.7,Drama,120 min,R,2006
The Last King of Scotland,7.7,"Biography, Drama, History",123 min,R,2006
Zodiac,7.7,"Crime, Drama, Mystery",157 min,UA,2007
Lucky Number Slevin,7.7,"Action, Crime, Drama",110 min,R,2006
Joyeux Noël,7.7,"Drama, History, Music",116 min,PG-13,2005
Control,7.7,"Biography, Drama, Music",122 min,R,2007
Tangled,7.7,"Animation, Adventure, Comedy",100 min,U,2010
Zwartboek,7.7,"Drama, Thriller, War",145 min,R,2006
Brokeback Mountain,7.7,"Drama, Romance",134 min,A,2005
3:10 to Yuma,7.7,"Action, Crime, Drama",122 min,A,2007
Crash,7.7,"Crime, Drama, Thriller",112 min,UA,2004
Kung fu,7.7,"Action, Comedy, Fantasy",99 min,UA,2004
The Bourne Supremacy,7.7,"Action, Mystery, Thriller",108 min,A,2004
The Machinist,7.7,"Drama, Thriller",101 min,R,2004
Ray,7.7,"Biography, Drama, Music",152 min,A,2004
Lost in Translation,7.7,"Comedy, Drama",102 min,UA,2003
Harry Potter and the Goblet of Fire,7.7,"Adventure, Family, Fantasy",157 min,UA,2005
Man on Fire,7.7,"Action, Crime, Drama",146 min,UA,2004
Coraline,7.7,"Animation, Drama, Family",100 min,U,2009
The Last Samurai,7.7,"Action, Drama",154 min,UA,2003
The Magdalene Sisters,7.7,Drama,114 min,R,2002
Good Bye Lenin!,7.7,"Comedy, Drama, Romance",121 min,R,2003
In America,7.7,Drama,105 min,PG-13,2002
I Am Sam,7.7,Drama,132 min,PG-13,2001
Adaptation.,7.7,"Comedy, Drama",115 min,R,2002
Black Hawk Down,7.7,"Drama, History, War",144 min,A,2001
Road to Perdition,7.7,"Crime, Drama, Thriller",117 min,A,2002
Das Experiment,7.7,"Drama, Thriller",120 min,R,2001
Billy Elliot,7.7,"Drama, Music",110 min,R,2000
Hedwig and the Angry Inch,7.7,"Comedy, Drama, Music",95 min,R,2001
Ocean's Eleven,7.7,"Crime, Thriller",116 min,UA,2001
Vampire Hunter D: Bloodlust,7.7,"Animation, Action, Fantasy",103 min,U,2000
"O Brother, Where Art Thou?",7.7,"Adventure, Comedy, Crime",107 min,U,2000
Interstate 60: Episodes of the Road,7.7,"Adventure, Comedy, Drama",116 min,R,2002
"South Park: Bigger, Longer & Uncut",7.7,"Animation, Comedy, Fantasy",81 min,A,1999
Office Space,7.7,Comedy,89 min,R,1999
Happiness,7.7,"Comedy, Drama",134 min,,1998
Training Day,7.7,"Crime, Drama, Thriller",122 min,A,2001
Rushmore,7.7,"Comedy, Drama, Romance",93 min,UA,1998
Abre los ojos,7.7,"Drama, Mystery, Sci-Fi",119 min,U,1997
Being John Malkovich,7.7,"Comedy, Drama, Fantasy",113 min,R,1999
As Good as It Gets,7.7,"Comedy, Drama, Romance",139 min,A,1997
The Fifth Element,7.7,"Action, Adventure, Sci-Fi",126 min,UA,1997
Le dîner de cons,7.7,Comedy,80 min,PG-13,1998
Donnie Brasco,7.7,"Biography, Crime, Drama",127 min,A,1997
Shine,7.7,"Biography, Drama, Music",105 min,U,1996
Primal Fear,7.7,"Crime, Drama, Mystery",129 min,A,1996
Hamlet,7.7,Drama,242 min,PG-13,1996
A Little Princess,7.7,"Drama, Family, Fantasy",97 min,U,1995
Do lok tin si,7.7,"Comedy, Crime, Drama",99 min,UA,1995
Il postino,7.7,"Biography, Comedy, Drama",108 min,U,1994
Clerks,7.7,Comedy,92 min,R,1994
Short Cuts,7.7,"Comedy, Drama",188 min,R,1993
Philadelphia,7.7,Drama,125 min,UA,1993
The Muppet Christmas Carol,7.7,"Comedy, Drama, Family",85 min,G,1992
Malcolm X,7.7,"Biography, Drama, History",202 min,U,1992
The Last of the Mohicans,7.7,"Action, Adventure, Drama",112 min,UA,1992
Kurenai no buta,7.7,"Animation, Adventure, Comedy",94 min,U,1992
Glengarry Glen Ross,7.7,"Crime, Drama, Mystery",100 min,R,1992
A Few Good Men,7.7,"Drama, Thriller",138 min,U,1992
Fried Green Tomatoes,7.7,Drama,130 min,PG-13,1991
Barton Fink,7.7,"Comedy, Drama, Thriller",116 min,U,1991
Miller's Crossing,7.7,"Crime, Drama, Thriller",115 min,R,1990
Who Framed Roger Rabbit,7.7,"Animation, Adventure, Comedy",104 min,U,1988
Spoorloos,7.7,"Mystery, Thriller",107 min,,1988
Withnail & I,7.7,"Comedy, Drama",107 min,R,1987
The Last Emperor,7.7,"Biography, Drama, History",163 min,U,1987
Empire of the Sun,7.7,"Action, Drama, History",153 min,U,1987
Der Name der Rose,7.7,"Crime, Drama, Mystery",130 min,R,1986
Blue Velvet,7.7,"Drama, Mystery, Thriller",120 min,A,1986
The Purple Rose of Cairo,7.7,"Comedy, Fantasy, Romance",82 min,U,1985
After Hours,7.7,"Comedy, Crime, Drama",97 min,UA,1985
Zelig,7.7,Comedy,79 min,PG,1983
The Verdict,7.7,Drama,129 min,U,1982
Star Trek II: The Wrath of Khan,7.7,"Action, Adventure, Sci-Fi",113 min,U,1982
First Blood,7.7,"Action, Adventure",93 min,A,1982
Ordinary People,7.7,Drama,124 min,U,1980
Airplane!,7.7,Comedy,88 min,U,1980
Rupan sansei: Kariosutoro no shiro,7.7,"Animation, Adventure, Family",100 min,U,1979
Halloween,7.7,"Horror, Thriller",91 min,A,1978
Le locataire,7.7,"Drama, Thriller",126 min,R,1976
Love and Death,7.7,"Comedy, War",85 min,PG,1975
The Taking of Pelham One Two Three,7.7,"Action, Crime, Thriller",104 min,U,1974
Blazing Saddles,7.7,"Comedy, Western",93 min,A,1974
Serpico,7.7,"Biography, Crime, Drama",130 min,A,1973
Enter the Dragon,7.7,"Action, Crime, Drama",102 min,A,1973
Deliverance,7.7,"Adventure, Drama, Thriller",109 min,U,1972
The French Connection,7.7,"Action, Crime, Drama",104 min,A,1971
Dirty Harry,7.7,"Action, Crime, Thriller",102 min,A,1971
Where Eagles Dare,7.7,"Action, Adventure, War",158 min,U,1968
The Odd Couple,7.7,Comedy,105 min,G,1968
The Dirty Dozen,7.7,"Action, Adventure, War",150 min,,1967
Belle de jour,7.7,"Drama, Romance",100 min,A,1967
A Man for All Seasons,7.7,"Biography, Drama, History",120 min,U,1966
Repulsion,7.7,"Drama, Horror, Thriller",105 min,,1965
Zulu,7.7,"Drama, History, War",138 min,U,1964
Goldfinger,7.7,"Action, Adventure, Thriller",110 min,A,1964
The Birds,7.7,"Drama, Horror, Mystery",119 min,A,1963
Cape Fear,7.7,"Drama, Thriller",106 min,Passed,1962
Peeping Tom,7.7,"Drama, Horror, Thriller",101 min,,1960
The Magnificent Seven,7.7,"Action, Adventure, Western",128 min,Approved,1960
Les yeux sans visage,7.7,"Drama, Horror",90 min,,1960
Invasion of the Body Snatchers,7.7,"Drama, Horror, Sci-Fi",80 min,Approved,1956
Rebel Without a Cause,7.7,Drama,111 min,PG-13,1955
The Ladykillers,7.7,"Comedy, Crime",91 min,,1955
Sabrina,7.7,"Comedy, Drama, Romance",113 min,Passed,1954
The Quiet Man,7.7,"Comedy, Drama, Romance",129 min,Passed,1952
The Day the Earth Stood Still,7.7,"Drama, Sci-Fi",92 min,U,1951
The African Queen,7.7,"Adventure, Drama, Romance",105 min,PG,1951
Gilda,7.7,"Drama, Film-Noir, Romance",110 min,Approved,1946
Fantasia,7.7,"Animation, Family, Fantasy",125 min,G,1940
The Invisible Man,7.7,"Horror, Sci-Fi",71 min,TV-PG,1933
Dark Waters,7.6,"Biography, Drama, History",126 min,PG-13,2019
Searching,7.6,"Drama, Mystery, Thriller",102 min,U/A,2018
Once Upon a Time... in Hollywood,7.6,"Comedy, Drama",161 min,A,2019
Nelyubov,7.6,Drama,127 min,R,2017
The Florida Project,7.6,Drama,111 min,A,2017
Just Mercy,7.6,"Biography, Crime, Drama",137 min,A,2019
Gifted,7.6,Drama,101 min,PG-13,2017
The Peanut Butter Falcon,7.6,"Adventure, Comedy, Drama",97 min,PG-13,2019
Victoria,7.6,"Crime, Drama, Romance",138 min,,2015
Mustang,7.6,Drama,97 min,PG-13,2015
Guardians of the Galaxy Vol. 2,7.6,"Action, Adventure, Comedy",136 min,UA,2017
Baby Driver,7.6,"Action, Crime, Drama",113 min,UA,2017
Only the Brave,7.6,"Action, Biography, Drama",134 min,UA,2017
Bridge of Spies,7.6,"Drama, History, Thriller",142 min,UA,2015
Incredibles 2,7.6,"Animation, Action, Adventure",118 min,UA,2018
Moana,7.6,"Animation, Adventure, Comedy",107 min,U,2016
Sicario,7.6,"Action, Crime, Drama",121 min,A,2015
Creed,7.6,"Drama, Sport",133 min,A,2015
Leviafan,7.6,"Crime, Drama",140 min,R,2014
Hell or High Water,7.6,"Action, Crime, Drama",102 min,R,2016
Philomena,7.6,"Biography, Comedy, Drama",98 min,PG-13,2013
Dawn of the Planet of the Apes,7.6,"Action, Adventure, Drama",130 min,UA,2014
El cuerpo,7.6,"Mystery, Thriller",112 min,,2012
Serbuan maut,7.6,"Action, Thriller",101 min,A,2011
End of Watch,7.6,"Action, Crime, Drama",109 min,A,2012
Kari-gurashi no Arietti,7.6,"Animation, Adventure, Family",94 min,U,2010
A Star Is Born,7.6,"Drama, Music, Romance",136 min,UA,2018
True Grit,7.6,"Drama, Western",110 min,PG-13,2010
Hævnen,7.6,"Drama, Romance",118 min,R,2010
Despicable Me,7.6,"Animation, Comedy, Crime",95 min,U,2010
50/50,7.6,"Comedy, Drama, Romance",100 min,R,2011
Kick-Ass,7.6,"Action, Comedy, Crime",117 min,UA,2010
Celda 211,7.6,"Action, Adventure, Crime",113 min,,2009
Moneyball,7.6,"Biography, Drama, Sport",133 min,PG-13,2011
La piel que habito,7.6,"Drama, Horror, Thriller",120 min,R,2011
Zombieland,7.6,"Adventure, Comedy, Fantasy",88 min,A,2009
Die Welle,7.6,"Drama, Thriller",107 min,,2008
Sherlock Holmes,7.6,"Action, Adventure, Mystery",128 min,PG-13,2009
The Blind Side,7.6,"Biography, Drama, Sport",129 min,UA,2009
The Visitor,7.6,Drama,104 min,PG-13,2007
Seven Pounds,7.6,Drama,123 min,UA,2008
Eastern Promises,7.6,"Action, Crime, Drama",100 min,R,2007
Stardust,7.6,"Adventure, Family, Fantasy",127 min,U,2007
The Secret of Kells,7.6,"Animation, Adventure, Family",71 min,,2009
Inside Man,7.6,"Crime, Drama, Mystery",129 min,R,2006
Gone Baby Gone,7.6,"Crime, Drama, Mystery",114 min,R,2007
La Vie En Rose,7.6,"Biography, Drama, Music",140 min,PG-13,2007
Huo Yuan Jia,7.6,"Action, Biography, Drama",104 min,PG-13,2006
The Illusionist,7.6,"Drama, Fantasy, Mystery",110 min,U,2006
Dead Man's Shoes,7.6,"Crime, Drama, Thriller",90 min,,2004
Harry Potter and the Half-Blood Prince,7.6,"Action, Adventure, Family",153 min,UA,2009
300,7.6,"Action, Drama",117 min,A,2006
Match Point,7.6,"Drama, Romance, Thriller",124 min,R,2005
Watchmen,7.6,"Action, Drama, Mystery",162 min,A,2009
Lord of War,7.6,"Action, Crime, Drama",122 min,R,2005
Saw,7.6,"Horror, Mystery, Thriller",103 min,UA,2004
"Synecdoche, New York",7.6,Drama,124 min,R,2008
Mysterious Skin,7.6,Drama,105 min,R,2004
Jeux d'enfants,7.6,"Comedy, Drama, Romance",93 min,R,2003
Un long dimanche de fiançailles,7.6,"Drama, Mystery, Romance",133 min,U,2004
The Station Agent,7.6,"Comedy, Drama",89 min,R,2003
21 Grams,7.6,"Crime, Drama, Thriller",124 min,UA,2003
Boksuneun naui geot,7.6,"Crime, Drama, Thriller",129 min,R,2002
Finding Neverland,7.6,"Biography, Drama, Family",106 min,U,2004
25th Hour,7.6,Drama,135 min,R,2002
The Butterfly Effect,7.6,"Drama, Sci-Fi, Thriller",113 min,U,2004
28 Days Later...,7.6,"Drama, Horror, Sci-Fi",113 min,A,2002
Batoru rowaiaru,7.6,"Action, Adventure, Drama",114 min,,2000
The Royal Tenenbaums,7.6,"Comedy, Drama",110 min,A,2001
Y tu mamá también,7.6,Drama,106 min,A,2001
Harry Potter and the Sorcerer's Stone,7.6,"Adventure, Family, Fantasy",152 min,U,2001
The Others,7.6,"Horror, Mystery, Thriller",101 min,PG-13,2001
Blow,7.6,"Biography, Crime, Drama",124 min,R,2001
Enemy at the Gates,7.6,"Drama, History, War",131 min,A,2001
Minority Report,7.6,"Action, Crime, Mystery",145 min,A,2002
The Hurricane,7.6,"Biography, Drama, Sport",146 min,R,1999
American Psycho,7.6,"Comedy, Crime, Drama",101 min,A,2000
Lola rennt,7.6,"Crime, Drama, Thriller",81 min,UA,1998
The Thin Red Line,7.6,"Drama, War",170 min,A,1998
Mulan,7.6,"Animation, Adventure, Family",88 min,U,1998
Fear and Loathing in Las Vegas,7.6,"Adventure, Comedy, Drama",118 min,R,1998
Funny Games,7.6,"Crime, Drama, Thriller",108 min,A,1997
Dark City,7.6,"Mystery, Sci-Fi, Thriller",100 min,A,1998
Sleepers,7.6,"Crime, Drama, Thriller",147 min,UA,1996
Lost Highway,7.6,"Mystery, Thriller",134 min,A,1997
Sense and Sensibility,7.6,"Drama, Romance",136 min,U,1995
Die Hard: With a Vengeance,7.6,"Action, Adventure, Thriller",128 min,A,1995
Dead Man,7.6,"Adventure, Drama, Fantasy",121 min,R,1995
The Bridges of Madison County,7.6,"Drama, Romance",135 min,A,1995
Apollo 13,7.6,"Adventure, Drama, History",140 min,U,PG
Trois couleurs: Blanc,7.6,"Comedy, Drama, Romance",92 min,U,1994
Falling Down,7.6,"Action, Crime, Drama",113 min,R,1993
Dazed and Confused,7.6,Comedy,102 min,U,1993
My Cousin Vinny,7.6,"Comedy, Crime",120 min,UA,1992
Omohide poro poro,7.6,"Animation, Drama, Romance",118 min,U,1991
Delicatessen,7.6,"Comedy, Crime",99 min,R,1991
Home Alone,7.6,"Comedy, Family",103 min,U,1990
The Godfather: Part III,7.6,"Crime, Drama",162 min,A,1990
When Harry Met Sally...,7.6,"Comedy, Drama, Romance",95 min,UA,1989
The Little Mermaid,7.6,"Animation, Family, Fantasy",83 min,U,1989
The Naked Gun: From the Files of Police Squad!,7.6,"Comedy, Crime",85 min,U,1988
"Planes, Trains & Automobiles",7.6,"Comedy, Drama",93 min,U,1987
Lethal Weapon,7.6,"Action, Crime, Thriller",109 min,A,1987
Blood Simple,7.6,"Crime, Drama, Thriller",99 min,A,1984
On Golden Pond,7.6,Drama,109 min,UA,1981
Mad Max 2,7.6,"Action, Adventure, Sci-Fi",96 min,A,1981
The Warriors,7.6,"Action, Crime, Thriller",92 min,UA,1979
The Muppet Movie,7.6,"Adventure, Comedy, Family",95 min,U,1979
Escape from Alcatraz,7.6,"Action, Biography, Crime",112 min,A,1979
Watership Down,7.6,"Animation, Adventure, Drama",91 min,U,1978
Midnight Express,7.6,"Biography, Crime, Drama",121 min,A,1978
Close Encounters of the Third Kind,7.6,"Drama, Sci-Fi",138 min,U,1977
The Long Goodbye,7.6,"Comedy, Crime, Drama",112 min,A,1973
Giù la testa,7.6,"Drama, War, Western",157 min,PG,1971
Kelly's Heroes,7.6,"Adventure, Comedy, War",144 min,GP,1970
The Jungle Book,7.6,"Animation, Adventure, Family",78 min,U,1967
Blowup,7.6,"Drama, Mystery, Thriller",111 min,A,1966
A Hard Day's Night,7.6,"Comedy, Music, Musical",87 min,U,1964
Breakfast at Tiffany's,7.6,"Comedy, Drama, Romance",115 min,A,1961
Giant,7.6,"Drama, Western",201 min,G,1956
From Here to Eternity,7.6,"Drama, Romance, War",118 min,Passed,1953
Lifeboat,7.6,"Drama, War",97 min,,1944
The 39 Steps,7.6,"Crime, Mystery, Thriller",86 min,,1935
